key,City.id,City.name,City.Coordinates.x,City.Coordinates.y,City.creationDate,City.area,City.population,City.metersAboveSeaLevel,City.telephoneCode,City.carCode,City.Climate,City.Human.age,City.Human.height,City.Human.birthday
1,2,sp,11,22,Tue Feb 28 03:08:16 MSK 2023,33,22,11,22,33,RAIN_FOREST,18,200.0,2004-06-26
2,3,sp,11,22,Tue Feb 28 03:08:16 MSK 2023,33,22,12,22,33,RAIN_FOREST,18,200.0,2004-06-26
4,5,sp,11,22,Tue Feb 28 03:08:16 MSK 2023,33,22,13,22,33,RAIN_FOREST,18,200.0,2004-06-26
5,6,sp,11,22,Tue Feb 28 03:08:16 MSK 2023,33,22,15,22,33,RAIN_FOREST,18,200.0,2004-06-26
3,4,zzz,11,22,Tue Feb 28 20:27:52 MSK 2023,33,44,12,22,33,RAIN_FOREST,18,180.0,2004-06-26
10,7,NameCity,1,2,Wed Mar 01 03:54:56 MSK 2023,333,222,15,993,243,RAIN_FOREST,18,180.0,2004-06-26
222,8,Samara,555,111,Mon Mar 13 14:34:04 MSK 2023,33,222,333,222,333,RAIN_FOREST,18,190.0,2009-09-19
